Input1,Input2,Output
1,18,146.3
1.1,2.6,21.3
1.2,3.1,25.6
1.3,7.4,59.9
1.4,1.7,14
1.5,3.1,25.5
2,6,48.5
2.1,3.7,30.4
2.2,2.2,18.1
3,3.4,27.8
3.1,2.7,21.6
3.2,0.8,6.2
4,19.9,161.6
4.1,9.4,76.6
4.3,1.8,14.3
4.4,3.5,28.7
4.5,5.2,42
5,4.7,37.8
5.1,1.5,12.2
5.2,0.4,3.1
5.3,1.2,9.8
5.4,0.2,1.8
5.5,0.5,3.9
5.6,0.9,7.1
6,4.1,33
6.1,1,8.2
6.2,2.7,22.1
6.3,0.3,2.8
7,13.6,110.6
7.1,2.1,17.2
7.2,9,73.3
7.3,2.5,20.1
8,3.5,28.5
8.1,0.2,1.3
8.2,0.2,1.4
8.3,3.2,25.8
9,8.4,67.9
9.1,1.5,12.2
9.2,0.2,1.8
9.3,1.9,15.5
9.4,2.3,18.3
9.5,1.3,10.8
9.6,0.5,3.8
10,1.2,9.5
10.1,0.2,1.4
10.2,0.4,3.4
10.3,0.6,4.5
10.4,0,0.2
11,9.7,78.8
11.1,2.2,18.1
11.3,0.4,3
11.4,4.2,33.8
11.5,0.5,4.3
11.6,2.4,19.6
13,7.7,62.6
13.1,7.7,62.6
04.1.01,9.4,76.6
04.4.03,3.1,25.2
04.5.01,4.5,36.9
07.2.02,5.5,44.7
1,18.2,88.1
1.1,2.5,12.1
1.2,3.9,18.8
1.3,8.2,39.5
1.4,1.7,8.2
1.5,1.9,9.4
2,6.7,32.4
2.1,2.5,12.3
2.2,4.1,20.1
3,1.8,8.8
3.1,1.4,6.7
3.2,0.4,2.2
4,33.3,161.2
4.1,22.7,109.8
4.3,1.1,5.3
4.4,2.9,14.2
4.5,6.6,31.9
5,3.1,15
5.1,1.1,5.1
5.2,0.2,0.8
5.3,0.7,3.5
5.4,0.2,1
5.5,0.2,1
5.6,0.7,3.5
6,2.7,12.9
6.1,0.7,3.6
6.2,1.8,8.5
6.3,0.2,0.9
7,10,48.5
7.1,1.1,5.4
7.2,8.1,39.1
7.3,0.8,4
8,3.5,17.2
8.1,0.1,0.5
8.2,0.3,1.5
8.3,3.1,15.2
9,5.7,27.6
9.1,1.4,6.7
9.2,0,0
9.3,1.2,5.8
9.4,1.8,8.6
9.5,1,4.9
9.6,0.2,1
10,1.3,6.3
10.1,0.1,0.4
10.2,0.5,2.5
10.3,0.6,3
10.4,0.1,0.3
11,8.4,40.8
11.1,1.8,8.6
11.3,0.2,0.9
11.4,2.6,12.8
11.5,0.7,3.3
11.6,3.2,15.3
13,5.3,25.9
13.1,5.3,25.9
04.1.01,22.7,109.8
04.4.03,2.6,12.4
04.5.01,5.7,27.7
07.2.02,5.1,24.7
1,19.3,78.2
1.1,3.1,12.5
1.2,3.7,15.2
1.3,8.7,35.3
1.4,1.6,6.6
1.5,2.1,8.5
2,5.4,22
2.1,2.7,11
2.2,2.7,11
3,2.5,10.3
3.1,2,8.1
3.2,0.6,2.2
4,27.6,112.1
4.1,13.5,54.9
4.3,1.8,7.4
4.4,4.7,19
4.5,7.6,30.8
5,4.1,16.4
5.1,1.3,5.2
5.2,0.3,1.3
5.3,0.8,3.2
5.4,0.2,0.7
5.5,0.5,2.2
5.6,0.9,3.7
6,3.6,14.5
6.1,1.3,5.2
6.2,2.2,8.9
6.3,0.1,0.5
7,11.1,44.9
7.1,0.9,3.6
7.2,8.8,35.7
7.3,1.4,5.6
8,4.5,18.3
8.1,0.2,0.6
8.2,0.1,0.3
8.3,4.3,17.3
9,7.6,30.9
9.1,1.2,4.7
9.2,0.4,1.5
9.3,2.1,8.4
9.4,1.9,7.8
9.5,1.4,5.9
9.6,0.3,1.2
10,0.9,3.6
10.1,0,0.1
10.2,0.1,0.4
10.3,0.7,2.9
10.4,0,0.1
11,9.5,38.5
11.1,1.9,7.5
11.3,0.2,0.7
11.4,3.4,13.9
11.5,0.5,1.9
11.6,3.5,14.4
13,3.9,15.9
13.1,3.9,15.9
04.1.01,13.5,54.9
04.4.03,4.2,17.2
04.5.01,6.7,27
07.2.02,5.2,21.2
1,19.3,110.7
1.1,2.8,16.2
1.2,3.4,19.3
1.3,8.6,49.4
1.4,2,11.5
1.5,2.5,14.2
2,5.9,34
2.1,2.9,16.8
2.2,3,17.2
3,3.2,18.2
3.1,2.3,13.4
3.2,0.8,4.8
4,23.9,136.8
4.1,12.4,70.9
4.3,1.6,9.1
4.4,4.1,23.3
4.5,5.9,33.5
5,4.7,26.6
5.1,1.4,7.7
5.2,0.2,1.3
5.3,1.5,8.7
5.4,0.2,1.3
5.5,0.4,2.2
5.6,0.9,5.4
6,4.7,26.7
6.1,1,5.5
6.2,2.9,16.6
6.3,0.8,4.6
7,12.2,69.6
7.1,1.7,9.5
7.2,8.8,50.5
7.3,1.7,9.6
8,3.2,18.2
8.1,0.2,1.1
8.2,0.2,0.9
8.3,2.8,16.1
9,7.3,41.7
9.1,1.2,6.7
9.2,0.1,0.8
9.3,1.9,11
9.4,1.9,10.9
9.5,1.5,8.6
9.6,0.3,1.5
10,1,5.9
10.1,0.1,0.5
10.2,0.6,3.6
10.3,0.3,1.6
10.4,0,0.2
11,10,57.3
11.1,2.3,13.1
11.3,0.3,1.8
11.4,4.3,24.4
11.5,0.4,2.5
11.6,2.7,15.5
13,4.7,26.8
13.1,4.7,26.8
04.1.01,12.4,70.9
04.4.03,3.5,20.2
04.5.01,5.2,30
07.2.02,5.7,32.4
1,18.2,162.8
1.1,2.6,23.2
1.2,3.2,28.8
1.3,7.4,66.5
1.4,1.8,15.6
1.5,3.2,28.6
2,5.9,52.6
2.1,3.9,34.6
2.2,2,18
3,3.4,30.6
3.1,2.8,25.1
3.2,0.6,5.5
4,18,160.6
4.1,9.1,80.9
4.3,1.2,11.1
4.4,3.1,27.8
4.5,4.6,40.8
5,4.6,41.1
5.1,1.5,13.2
5.2,0.4,4
5.3,1.2,10.8
5.4,0.3,2.4
5.5,0.4,3.5
5.6,0.8,7.2
6,3.5,31.2
6.1,0.9,7.8
6.2,2.3,20.5
6.3,0.3,2.9
7,14.5,129.8
7.1,2.2,19.9
7.2,9.8,87.1
7.3,2.6,22.9
8,3.4,30.7
8.1,0.2,1.4
8.2,0.1,0.7
8.3,3.2,28.5
9,8,71.4
9.1,1.5,13.6
9.2,0.2,2
9.3,1.7,15
9.4,2.4,21.3
9.5,1.2,10.8
9.6,0.4,3.3
10,1.5,13.2
10.1,0.3,2.8
10.2,0.7,6.1
10.3,0.5,4
10.4,0,0.3
11,9.2,82.1
11.1,2.3,20.3
11.3,0.3,2.8
11.4,4,35.6
11.5,0.6,5.4
11.6,2,18
13,9.7,86.9
13.1,9.7,86.9
04.1.01,9.1,80.9
04.4.03,2.7,24.3
04.5.01,4,35.9
07.2.02,6.3,56
1,17.1,173.6
1.1,2.4,24.1
1.2,2.9,29.4
1.3,6.5,66.1
1.4,1.7,16.9
1.5,3.7,37.2
2,6.3,63.6
2.1,4.3,43.8
2.2,2,19.8
3,3.7,37.8
3.1,2.9,29.2
3.2,0.9,8.6
4,16.3,165.2
4.1,7.5,75.6
4.3,2,20.5
4.4,2.9,28.9
4.5,4,40.2
5,4.5,45.3
5.1,1.5,15
5.2,0.6,5.7
5.3,1,9.7
5.4,0.1,1.2
5.5,0.5,5.2
5.6,0.8,8.5
6,4,40.2
6.1,0.9,9.1
6.2,2.8,28.7
6.3,0.2,2.4
7,15.3,155.3
7.1,2.8,28.3
7.2,9.5,96.5
7.3,3,30.5
8,3.4,34.1
8.1,0.1,1.4
8.2,0.3,3
8.3,2.9,29.7
9,8.3,84.3
9.1,1.8,18.2
9.2,0.2,2
9.3,1.6,16
9.4,2.3,23.5
9.5,1.2,11.9
9.6,0.5,4.7
10,1.1,11.5
10.1,0.3,3
10.2,0.3,2.6
10.3,0.6,5.9
10.4,0,0
11,9.4,94.9
11.1,2.2,22.4
11.3,0.5,4.8
11.4,4.2,42.8
11.5,0.6,5.9
11.6,1.9,19.1
13,10.5,106.2
13.1,10.5,106.2
04.1.01,7.5,75.6
04.4.03,2.4,24.4
04.5.01,3.5,35.3
07.2.02,5.5,55.3
1,15.9,222.7
1.1,2.2,30.9
1.2,2.5,34.8
1.3,5.5,77.1
1.4,1.5,21.1
1.5,4.2,58.8
2,6.3,88.2
2.1,4.9,68
2.2,1.4,20.2
3,4.2,59.3
3.1,3.3,45.7
3.2,1,13.6
4,13.5,188.8
4.1,4.6,64.6
4.3,2.1,29.4
4.4,2.9,41.1
4.5,3.8,53.8
5,5.5,76.8
5.1,1.9,26.7
5.2,0.4,5
5.3,1.5,21.1
5.4,0.3,4
5.5,0.6,7.9
5.6,0.9,12
6,4.6,64.1
6.1,1,14.3
6.2,3.4,47
6.3,0.2,2.9
7,14.9,208.7
7.1,3,42
7.2,8.2,114.6
7.3,3.7,52.1
8,3,42.2
8.1,0.2,2.2
8.2,0.3,3.5
8.3,2.6,36.4
9,10.5,147.1
9.1,1.9,26.2
9.2,0.2,2.3
9.3,2.2,31.4
9.4,2.7,37.8
9.5,1.3,18.5
9.6,1,13.5
10,1.3,18.4
10.1,0.1,1.9
10.2,0.4,5.6
10.3,0.8,10.7
10.4,0,0.3
11,10.4,145
11.1,2.5,35.2
11.3,0.5,7.6
11.4,4.9,68
11.5,0.6,8
11.6,1.9,26.1
13,9.7,135.4
13.1,9.7,135.4
04.1.01,4.6,64.6
04.4.03,2.6,36.1
04.5.01,3.3,46.1
07.2.02,4.9,68.1
1,20.1,63.3
1.1,3.1,9.7
1.2,4.1,13
1.3,9.2,29
1.4,1.6,5
1.5,2.1,6.5
2,5.6,17.5
2.1,2.4,7.4
2.2,3.2,10.1
3,2.1,6.5
3.1,1.4,4.5
3.2,0.6,2
4,29.1,91.5
4.1,13.9,43.7
4.3,0.9,3
4.4,5.8,18.2
4.5,8.5,26.6
5,3.3,10.5
5.1,0.9,2.8
5.2,0.3,0.8
5.3,0.8,2.4
5.4,0.2,0.5
5.5,0.4,1.2
5.6,0.9,2.8
6,3.6,11.3
6.1,1,3.2
6.2,2.5,7.9
6.3,0.1,0.2
7,11.3,35.4
7.1,0.4,1.4
7.2,9.2,28.9
7.3,1.6,5.1
8,4.7,14.8
8.1,0.1,0.4
8.2,0.2,0.5
8.3,4.4,13.9
9,6.2,19.6
9.1,0.7,2.2
9.2,0.3,1
9.3,1.5,4.9
9.4,1.9,6.1
9.5,1.4,4.4
9.6,0.2,0.5
10,0.4,1.4
10.1,0,0.1
10.2,0.3,1
10.3,0.1,0.3
10.4,0,0
11,10.8,33.8
11.1,2,6.3
11.3,0.1,0.4
11.4,3.9,12.3
11.5,0.5,1.7
11.6,4.2,13.2
13,2.9,9.1
13.1,2.9,9.1
04.1.01,13.9,43.7
04.4.03,5.2,16.4
04.5.01,7.5,23.6
07.2.02,5.6,17.5
1,19.1,106.7
1.1,3,16.9
1.2,3.3,18.6
1.3,8.3,46.3
1.4,1.9,10.5
1.5,2.6,14.3
2,6.1,33.9
2.1,3.5,19.7
2.2,2.5,14.1
3,2.8,15.9
3.1,2,11.2
3.2,0.8,4.6
4,23.4,130.3
4.1,11.9,66.5
4.3,1.4,8
4.4,4,22.2
4.5,6,33.6
5,5,27.7
5.1,1.7,9.4
5.2,0.2,1.2
5.3,1.5,8.2
5.4,0.1,0.7
5.5,0.4,2.5
5.6,1,5.7
6,4.5,25.3
6.1,1.2,6.9
6.2,2.8,15.5
6.3,0.5,3
7,12.4,69
7.1,0.9,5.2
7.2,9.7,54.4
7.3,1.7,9.4
8,3.6,19.9
8.1,0.2,1
8.2,0.1,0.3
8.3,3.3,18.6
9,7.3,40.6
9.1,1.4,7.6
9.2,0.1,0.3
9.3,1.9,10.4
9.4,1.8,10.2
9.5,1.4,8.1
9.6,0.3,1.8
10,0.8,4.2
10.1,0.1,0.7
10.2,0.2,1.2
10.3,0.4,2.2
10.4,0,0.1
11,9.7,54.2
11.1,2.2,12.5
11.3,0.3,1.6
11.4,4.1,22.9
11.5,0.5,3.1
11.6,2.6,14.2
13,5.4,30.1
13.1,5.4,30.1
04.1.01,11.9,66.5
04.4.03,3.5,19.7
04.5.01,5.4,29.8
07.2.02,6.4,35.8
1,18.9,154.2
1.1,2.6,21.3
1.2,3.1,25.4
1.3,7.8,63.5
1.4,1.8,14.9
1.5,3.6,29.2
2,5.9,48
2.1,3.7,30.1
2.2,2.2,17.9
3,3.8,30.9
3.1,3.1,25.1
3.2,0.7,5.8
4,20.6,168.8
4.1,11.3,92.5
4.3,1.9,15.6
4.4,2.9,23.8
4.5,4.5,36.8
5,4.2,34.4
5.1,1.2,9.5
5.2,0.4,3.4
5.3,1.2,9.7
5.4,0.1,1.2
5.5,0.5,4
5.6,0.8,6.5
6,3.4,28.1
6.1,0.9,7.4
6.2,2.2,18.1
6.3,0.3,2.6
7,13.3,109.1
7.1,1.5,12
7.2,9.4,77
7.3,2.5,20.1
8,3.2,26
8.1,0.2,1.6
8.2,0.1,1.1
8.3,2.8,23.3
9,8.8,72.2
9.1,1.7,14
9.2,0.1,1.2
9.3,1.8,14.8
9.4,2.6,21.2
9.5,1.6,12.8
9.6,0.4,3.3
10,1.6,13.2
10.1,0.2,1.6
10.2,0.7,5.6
10.3,0.7,5.5
10.4,0.1,0.5
11,9.3,75.9
11.1,2.3,19.1
11.3,0.3,2.2
11.4,4.2,34.1
11.5,0.6,4.8
11.6,1.9,15.7
13,7,57.4
13.1,7,57.4
04.1.01,11.3,92.5
04.4.03,2.5,20.4
04.5.01,3.9,32.3
07.2.02,5.7,46.8
1,16.7,189.4
1.1,2.3,26.5
1.2,2.6,29.8
1.3,6.5,73.7
1.4,1.7,19.4
1.5,3.5,39.9
2,6.7,75.8
2.1,4.8,54.2
2.2,1.9,21.6
3,3.9,43.9
3.1,3.1,35.6
3.2,0.7,8.3
4,14.5,164.5
4.1,6.6,74.8
4.3,1.7,18.8
4.4,2.7,30.6
4.5,3.6,40.2
5,4.8,54.8
5.1,1.6,17.7
5.2,0.4,4.2
5.3,1.4,15.6
5.4,0.2,2.6
5.5,0.5,6.1
5.6,0.8,8.6
6,4.5,51.3
6.1,1,11.3
6.2,3.2,36.2
6.3,0.3,3.9
7,15.2,171.9
7.1,3.3,36.9
7.2,8.6,97.6
7.3,3.3,37.3
8,3.3,37.1
8.1,0.1,1.4
8.2,0.3,3.3
8.3,2.9,32.4
9,9.5,107.6
9.1,1.9,21.9
9.2,0.2,2.4
9.3,2,23.1
9.4,2.5,28.4
9.5,1.2,14.1
9.6,0.6,7.3
10,1.1,12.8
10.1,0.3,3.1
10.2,0.2,1.8
10.3,0.7,7.6
10.4,0,0.3
11,8.8,99.1
11.1,2.1,23.6
11.3,0.5,6.1
11.4,4,45.4
11.5,0.5,5.6
11.6,1.6,18.5
13,10.9,123.6
13.1,10.9,123.6
04.1.01,6.6,74.8
04.4.03,2.3,25.7
04.5.01,3.1,35
07.2.02,5.1,57.9
1,15.1,258.6
1.1,2,35
1.2,2.5,43
1.3,5.1,86.3
1.4,1.6,26.8
1.5,4,67.5
2,5.7,96.6
2.1,4.4,74.4
2.2,1.3,22.1
3,4.6,78
3.1,3.6,62.2
3.2,0.9,15.8
4,11.8,201.2
4.1,3.3,57.1
4.3,2.8,48.4
4.4,2.3,39.2
4.5,3.3,56.4
5,5.9,101.2
5.1,2.2,37.7
5.2,0.7,11.1
5.3,1.2,20.7
5.4,0.4,7.2
5.5,0.5,8.8
5.6,0.9,15.7
6,4.2,71.6
6.1,0.9,15.2
6.2,2.9,49.1
6.3,0.4,7.3
7,15.9,271.3
7.1,4.5,76.3
7.2,8.1,138.8
7.3,3.3,56.2
8,2.8,47.6
8.1,0.2,3
8.2,0.2,3.9
8.3,2.4,40.7
9,9.9,169.2
9.1,1.8,30.7
9.2,0.4,6.5
9.3,2.3,38.5
9.4,2.4,41.1
9.5,1,17.4
9.6,0.8,14.4
10,1.9,32.6
10.1,0.2,3.9
10.2,0.7,11.8
10.3,1,16.4
10.4,0,0.5
11,9.9,169.7
11.1,2.5,42.9
11.3,0.6,10.6
11.4,4.6,77.9
11.5,0.5,8.6
11.6,1.7,29.7
13,12.3,210.2
13.1,12.3,210.2
04.1.01,3.3,57.1
04.4.03,2,33.7
04.5.01,2.8,48.2
07.2.02,4.7,79.7
1,17.7,120
1.1,2,13.7
1.2,3.5,23.9
1.3,7.2,48.8
1.4,1.7,11.7
1.5,3.2,21.9
2,8.3,56.2
2.1,4.3,28.9
2.2,4,27.4
3,2.6,17.7
3.1,2.2,14.8
3.2,0.4,2.8
4,25.7,174.3
4.1,16.3,110.6
4.3,1.4,9.1
4.4,2.4,16.2
4.5,5.7,38.4
5,4,27
5.1,1.3,8.9
5.2,0.3,2.3
5.3,1,6.8
5.4,0.3,1.8
5.5,0.4,2.5
5.6,0.7,4.7
6,2.6,17.3
6.1,0.8,5.1
6.2,1.6,11
6.3,0.2,1.2
7,12.6,85
7.1,1.4,9.4
7.2,9.7,65.6
7.3,1.5,10
8,3.8,25.6
8.1,0.1,0.4
8.2,0.2,1.6
8.3,3.5,23.7
9,6.6,44.5
9.1,1.5,10.1
9.2,0.2,1.5
9.3,1.5,10.4
9.4,1.9,12.7
9.5,0.9,6.4
9.6,0.2,1.4
10,1.2,8.3
10.1,0.3,1.7
10.2,0.5,3.5
10.3,0.4,2.8
10.4,0,0.2
11,7.7,52.2
11.1,1.9,12.7
11.3,0.3,2.1
11.4,2.7,18.1
11.5,0.7,4.5
11.6,2.2,14.9
13,7.2,49
13.1,7.2,49
04.1.01,16.3,110.6
04.4.03,2,13.7
04.5.01,4.8,32.3
07.2.02,6.4,43
1,19.2,79.1
1.1,3.5,14.3
1.2,3.6,14.9
1.3,8.8,36.3
1.4,1.4,5.7
1.5,1.9,8
2,4.3,17.8
2.1,3,12.6
2.2,1.3,5.2
3,3.4,14.2
3.1,2.7,11
3.2,0.8,3.2
4,20.4,84.3
4.1,3.6,14.8
4.3,2.9,11.8
4.4,6.6,27.1
4.5,7.4,30.6
5,5.4,22.2
5.1,1.5,6.1
5.2,0.5,2
5.3,1.3,5.5
5.4,0.2,0.7
5.5,0.7,2.7
5.6,1.3,5.2
6,7.6,31.2
6.1,1.7,7.1
6.2,4.8,19.6
6.3,1.1,4.5
7,13.1,54.2
7.1,2.5,10.3
7.2,8.2,34
7.3,2.4,9.9
8,3.9,15.9
8.1,0.3,1.3
8.2,0.1,0.3
8.3,3.5,14.3
9,9.3,38.3
9.1,1.1,4.4
9.2,0.4,1.8
9.3,2,8.1
9.4,2.1,8.6
9.5,2.3,9.5
9.6,0.6,2.3
10,0.2,1
10.1,0,0
10.2,0.2,0.9
10.3,0,0
10.4,0,0
11,12,49.5
11.1,2.1,8.7
11.3,0.3,1.1
11.4,5.8,24.1
11.5,0.3,1.4
11.6,3.4,14.1
13,1.3,5.4
13.1,1.3,5.4
04.1.01,3.6,14.8
04.4.03,6,24.8
04.5.01,6.6,27.5
07.2.02,4.6,19.2
1,19.2,170
1.1,2.7,23.5
1.2,3.2,28.2
1.3,7.8,69
1.4,2,18
1.5,3.5,31.3
2,6.4,56.3
2.1,4,35.7
2.2,2.3,20.6
3,3.2,28.4
3.1,2.6,23.1
3.2,0.6,5.4
4,21.6,190.8
4.1,10.7,94.4
4.3,1.9,16.7
4.4,3.5,31.1
4.5,5.5,48.6
5,4,35.1
5.1,1.1,10.1
5.2,0.3,3
5.3,0.9,7.5
5.4,0.2,2.2
5.5,0.6,4.9
5.6,0.8,7.3
6,4.2,37.1
6.1,1,8.8
6.2,2.9,25.9
6.3,0.3,2.4
7,13.5,119.2
7.1,2.2,19.2
7.2,9,79.4
7.3,2.3,20.6
8,4,35.4
8.1,0.2,1.5
8.2,0.2,1.4
8.3,3.7,32.5
9,8.2,72.2
9.1,1.4,12.3
9.2,0.1,1.1
9.3,1.9,17
9.4,2.3,20.7
9.5,1.2,10.5
9.6,0.4,3.5
10,1.2,10.4
10.1,0.3,2.6
10.2,0.3,2.5
10.3,0.6,5
10.4,0,0.3
11,7.9,69.6
11.1,2.2,19.1
11.3,0.4,3.5
11.4,4.1,36.1
11.5,0.5,4.4
11.6,0.7,6.5
13,6.7,59.5
13.1,6.7,59.5
04.1.01,10.7,94.4
04.4.03,3.1,27.1
04.5.01,4.9,43.1
07.2.02,5.3,47.2
1,19,100.6
1.1,2.4,12.9
1.2,3.4,18.1
1.3,8.6,45.5
1.4,2.3,12.1
1.5,2.3,12
2,6.8,36
2.1,2.3,12
2.2,4.5,24
3,1.7,8.9
3.1,1.2,6.5
3.2,0.5,2.5
4,37.5,198.5
4.1,27,143
4.3,0.5,2.8
4.4,2.3,12
4.5,7.7,40.6
5,2.6,13.8
5.1,0.5,2.7
5.2,0.1,0.7
5.3,0.7,3.9
5.4,0.1,0.4
5.5,0.4,2.2
5.6,0.7,3.7
6,3.2,17.2
6.1,0.8,4.5
6.2,2.2,11.8
6.3,0.2,0.9
7,9.9,52.4
7.1,1.2,6.2
7.2,7.5,39.9
7.3,1.2,6.3
8,3.9,20.8
8.1,0.1,0.6
8.2,0.2,1.3
8.3,3.6,18.8
9,4.7,24.6
9.1,1.1,6.1
9.2,0,0
9.3,1.4,7.4
9.4,1.3,7
9.5,0.6,3.2
9.6,0.1,0.5
10,1.6,8.5
10.1,0.2,1.1
10.2,0.2,1.1
10.3,1.2,6.3
10.4,0,0
11,4.9,26
11.1,2.1,10.9
11.3,0.1,0.7
11.4,2,10.8
11.5,0.5,2.9
11.6,0.1,0.7
13,4.2,22.1
13.1,4.2,22.1
04.1.01,27,143
04.4.03,1.9,10.3
04.5.01,6.9,36.4
07.2.02,5,26.7
1,20.5,95.1
1.1,3.1,14.2
1.2,3.5,16.4
1.3,9.5,43.9
1.4,2.1,9.7
1.5,2.3,10.8
2,6.1,28.3
2.1,2.7,12.6
2.2,3.4,15.7
3,2.1,9.7
3.1,1.7,7.7
3.2,0.4,2
4,29.8,138.7
4.1,16.3,75.5
4.3,1.4,6.6
4.4,4.4,20.4
4.5,7.8,36.1
5,3.1,14.6
5.1,0.8,3.6
5.2,0.2,1.1
5.3,0.5,2.4
5.4,0.2,0.8
5.5,0.5,2.5
5.6,0.9,4.2
6,4.2,19.4
6.1,1,4.7
6.2,3,13.7
6.3,0.2,1
7,10.9,50.7
7.1,0.8,3.9
7.2,8.7,40.2
7.3,1.4,6.6
8,4.7,21.7
8.1,0.1,0.6
8.2,0.1,0.3
8.3,4.5,20.8
9,6.2,28.7
9.1,1,4.4
9.2,0,0.1
9.3,1.5,7
9.4,2,9.2
9.5,1.1,5.3
9.6,0.3,1.2
10,1.2,5.8
10.1,0.2,0.7
10.2,0.3,1.3
10.3,0.8,3.8
10.4,0,0
11,6.1,28.5
11.1,1.9,8.8
11.3,0.1,0.7
11.4,3.1,14.5
11.5,0.5,2.2
11.6,0.5,2.4
13,5,23.3
13.1,5,23.3
04.1.01,16.3,75.5
04.4.03,4,18.4
04.5.01,7,32.6
07.2.02,5,23.1
1,20.2,132.6
1.1,3,19.8
1.2,3.3,21.8
1.3,8.7,57
1.4,2.1,13.6
1.5,3.1,20.4
2,6,39.1
2.1,3.3,21.4
2.2,2.7,17.7
3,2.6,16.9
3.1,2,13.1
3.2,0.6,3.8
4,25.2,165.1
4.1,13.8,90.4
4.3,1.6,10.7
4.4,3.7,24.2
4.5,6.1,39.8
5,3.5,22.9
5.1,0.6,4.2
5.2,0.3,1.8
5.3,1.1,7.1
5.4,0.2,1.3
5.5,0.5,3.2
5.6,0.8,5.3
6,4.1,26.9
6.1,1,6.3
6.2,2.8,18.2
6.3,0.4,2.4
7,13.5,88.7
7.1,2,13
7.2,9.7,63.4
7.3,1.9,12.3
8,4,26.1
8.1,0.2,1.2
8.2,0.2,1.5
8.3,3.6,23.4
9,7.6,49.6
9.1,1.1,7.2
9.2,0,0.1
9.3,1.8,11.9
9.4,2.4,15.8
9.5,1.3,8.8
9.6,0.2,1.6
10,1.1,7.1
10.1,0.1,1
10.2,0.3,1.8
10.3,0.6,4.3
10.4,0,0.1
11,7.1,46.4
11.1,2.2,14.5
11.3,0.4,2.9
11.4,3.7,24.1
11.5,0.5,3.3
11.6,0.2,1.6
13,5.3,34.4
13.1,5.3,34.4
04.1.01,13.8,90.4
04.4.03,3.2,21.2
04.5.01,5.4,35.5
07.2.02,5.9,38.6
1,19.8,187.6
1.1,2.5,24
1.2,3.2,30.6
1.3,8,75.6
1.4,2.3,22.2
1.5,3.7,35.1
2,6.5,61.9
2.1,4,38.1
2.2,2.5,23.8
3,3.2,30.6
3.1,2.6,24.6
3.2,0.6,6
4,20.5,194
4.1,10.4,98.4
4.3,1.6,15
4.4,3.2,30
4.5,5.3,50.5
5,4.2,40
5.1,1.4,12.9
5.2,0.3,3.1
5.3,1,9.4
5.4,0.2,1.8
5.5,0.5,4.8
5.6,0.8,8
6,3.4,31.8
6.1,0.9,8.5
6.2,2.3,22
6.3,0.1,1.3
7,13.6,129.2
7.1,2.3,22.3
7.2,9,85.5
7.3,2.3,21.4
8,4.1,38.9
8.1,0.2,1.6
8.2,0.2,1.5
8.3,3.8,35.8
9,8,75.7
9.1,1.6,15.3
9.2,0.1,1.1
9.3,1.8,16.8
9.4,2.3,21.8
9.5,1.2,11.4
9.6,0.3,3.1
10,1.1,10.1
10.1,0.3,3.2
10.2,0.2,2.1
10.3,0.5,4.6
10.4,0,0.1
11,8.2,77.8
11.1,2.2,20.7
11.3,0.4,4
11.4,4.1,39.1
11.5,0.5,4.9
11.6,1,9.2
13,7.4,70.3
13.1,7.4,70.3
04.1.01,10.4,98.4
04.4.03,2.6,24.8
04.5.01,4.7,44.3
07.2.02,5.7,54.4
1,18.2,194
1.1,2.3,24.8
1.2,3.1,33.2
1.3,6.9,73
1.4,2,21
1.5,3.9,42
2,6.9,73.2
2.1,4.9,52.3
2.2,2,20.9
3,3.5,37.2
3.1,3,31.5
3.2,0.5,5.7
4,17.4,185.9
4.1,8.3,88.7
4.3,1.5,16.2
4.4,3.2,34
4.5,4.4,47
5,4,42.1
5.1,1.4,14.4
5.2,0.4,4
5.3,0.7,7.8
5.4,0.3,3.1
5.5,0.5,5.2
5.6,0.7,7.7
6,4.6,48.7
6.1,1,10.8
6.2,3.1,33.3
6.3,0.4,4.6
7,14.8,157.6
7.1,3,31.6
7.2,9.3,98.6
7.3,2.6,27.4
8,3.8,40.7
8.1,0.2,1.6
8.2,0.2,1.9
8.3,3.5,37.2
9,8.6,91.4
9.1,1.6,17.1
9.2,0.1,1.2
9.3,2.2,23.6
9.4,2.4,25.9
9.5,1.1,11.9
9.6,0.4,4.7
10,1.3,13.4
10.1,0.6,6.1
10.2,0.2,2.6
10.3,0.4,3.8
10.4,0.1,0.9
11,8.9,94.3
11.1,2.4,25.2
11.3,0.5,5.8
11.4,4.6,48.6
11.5,0.5,4.9
11.6,0.9,9.8
13,8.2,87.2
13.1,8.2,87.2
04.1.01,8.3,88.7
04.4.03,2.8,29.4
04.5.01,3.9,41.7
07.2.02,5.6,59.4
1,17.4,240.1
1.1,2.3,32
1.2,2.7,37.8
1.3,6,83.3
1.4,1.7,23.9
1.5,4.6,63.2
2,6.4,88
2.1,5.3,72.8
2.2,1.1,15.2
3,4.7,64.7
3.1,3.8,52.8
3.2,0.9,12
4,15,206.4
4.1,4.6,64
4.3,3.3,45.4
4.4,3.1,43.3
4.5,3.9,53.6
5,5,69.2
5.1,1.6,21.8
5.2,0.5,7
5.3,0.9,12.9
5.4,0.4,5.3
5.5,0.8,10.5
5.6,0.9,11.7
6,4.8,66.2
6.1,1.1,15.2
6.2,3.5,47.8
6.3,0.2,3.1
7,14.6,200.9
7.1,2.7,37.6
7.2,8.3,114.4
7.3,3.6,48.9
8,3.4,47.4
8.1,0.2,3.2
8.2,0.2,2.2
8.3,3.1,42
9,10.5,145.1
9.1,1.7,23.6
9.2,0.4,5.1
9.3,2.3,31.5
9.4,2.6,36.2
9.5,1.2,15.9
9.6,0.7,9.8
10,1.2,17.2
10.1,0.3,3.7
10.2,0.4,5.9
10.3,0.5,7.2
10.4,0,0.5
11,9.1,124.9
11.1,2.2,29.7
11.3,0.4,5.8
11.4,4.9,68
11.5,0.5,7.5
11.6,1,14
13,7.8,107.2
13.1,7.8,107.2
04.1.01,4.6,64
04.4.03,2.7,37.5
04.5.01,3.4,46.2
07.2.02,4.5,62.1
1,22.8,82.7
1.1,3.3,12
1.2,4,14.5
1.3,10.9,39.5
1.4,2.3,8.3
1.5,2.3,8.4
2,6.4,23.3
2.1,2.9,10.5
2.2,3.5,12.8
3,1.6,5.7
3.1,1.2,4.4
3.2,0.4,1.3
4,30.8,111.4
4.1,15,54.4
4.3,1.1,3.8
4.4,5.6,20.1
4.5,9.1,33
5,3.2,11.6
5.1,0.6,2.3
5.2,0.2,0.6
5.3,0.7,2.7
5.4,0.1,0.3
5.5,0.6,2.1
5.6,1,3.6
6,3.1,11.3
6.1,0.8,2.7
6.2,2.3,8.4
6.3,0,0.2
7,10.6,38.3
7.1,0.6,2.2
7.2,9.1,32.8
7.3,0.9,3.3
8,5.5,20
8.1,0.2,0.6
8.2,0.1,0.4
8.3,5.3,19.1
9,5.8,20.8
9.1,0.8,2.8
9.2,0,0
9.3,1.5,5.4
9.4,2.1,7.4
9.5,1.1,4.1
9.6,0.1,0.5
10,0.4,1.4
10.1,0.2,0.6
10.2,0.1,0.3
10.3,0.1,0.5
10.4,0,0
11,6.7,24.3
11.1,2,7.2
11.3,0.3,1
11.4,3.6,13.2
11.5,0.5,1.8
11.6,0.3,1.1
13,3.1,11.2
13.1,3.1,11.2
04.1.01,15,54.4
04.4.03,5,18.2
04.5.01,8.3,29.9
07.2.02,5.4,19.6
1,20.1,126.2
1.1,2.8,17.5
1.2,3.4,21.3
1.3,8.4,52.9
1.4,2.2,13.8
1.5,3.3,20.6
2,6.9,43.4
2.1,3.9,24.3
2.2,3,19.2
3,2.7,16.9
3.1,2.1,13.2
3.2,0.6,3.7
4,25.9,162.9
4.1,15.4,97.1
4.3,1.2,7.3
4.4,3.4,21.4
4.5,5.9,37.1
5,2.8,17.6
5.1,0.6,3.7
5.2,0.2,1.2
5.3,0.8,4.9
5.4,0.1,0.8
5.5,0.4,2.5
5.6,0.7,4.6
6,4.6,29.1
6.1,1.1,7
6.2,3.1,19.2
6.3,0.5,2.9
7,13.1,82.2
7.1,1.6,10.3
7.2,9.6,60.6
7.3,1.8,11.2
8,4,25.2
8.1,0.1,0.7
8.2,0.1,0.9
8.3,3.8,23.7
9,7.3,45.8
9.1,1.3,8.4
9.2,0.1,0.5
9.3,1.7,10.9
9.4,2.2,14.1
9.5,1.2,7.4
9.6,0.2,1.5
10,1,6.1
10.1,0.2,1.4
10.2,0.2,1.2
10.3,0.5,3.4
10.4,0,0.1
11,6.8,42.7
11.1,2.1,13.2
11.3,0.2,1.2
11.4,3.4,21.6
11.5,0.6,3.5
11.6,0.5,3.1
13,4.9,30.7
13.1,4.9,30.7
04.1.01,15.4,97.1
04.4.03,3,18.6
04.5.01,5.2,32.9
07.2.02,5.9,37.3
1,20,178.9
1.1,2.9,26.2
1.2,3.1,28.2
1.3,7.9,70.3
1.4,2.1,19.1
1.5,3.9,35
2,6.4,57.1
2.1,4.2,37.5
2.2,2.2,19.6
3,3.1,27.8
3.1,2.5,22.2
3.2,0.6,5.7
4,19.7,176
4.1,10.3,92.1
4.3,1.3,11.5
4.4,3.1,28
4.5,5,44.4
5,3.9,34.9
5.1,1.2,10.9
5.2,0.3,3.1
5.3,0.7,5.9
5.4,0.2,1.9
5.5,0.6,5.7
5.6,0.8,7.4
6,4.4,39.2
6.1,1,8.7
6.2,3.1,27.6
6.3,0.3,2.9
7,14,125.2
7.1,1.7,15
7.2,9.9,88.4
7.3,2.4,21.8
8,3.8,33.6
8.1,0.1,1.3
8.2,0.2,2
8.3,3.4,30.3
9,8.7,77.8
9.1,1.5,13.7
9.2,0,0.4
9.3,2.2,19.6
9.4,2.5,22.7
9.5,1.3,11.5
9.6,0.5,4.1
10,1.2,10.7
10.1,0.3,2.4
10.2,0.3,2.6
10.3,0.6,5.3
10.4,0,0.3
11,7.7,69.3
11.1,2.2,19.6
11.3,0.3,3.1
11.4,4.1,37.1
11.5,0.5,4.2
11.6,0.6,5.3
13,7.2,64.1
13.1,7.2,64.1
04.1.01,10.3,92.1
04.4.03,2.7,23.9
04.5.01,4.4,39.5
07.2.02,5.8,51.8
1,18.1,211.2
1.1,2.3,27.2
1.2,3,35.5
1.3,6.7,78.3
1.4,2,23.2
1.5,4,46.8
2,6.3,73.3
2.1,4.5,52.6
2.2,1.8,20.6
3,4.4,51.9
3.1,3.7,42.7
3.2,0.8,9.2
4,17.1,199.1
4.1,7.9,92.2
4.3,2.3,26.7
4.4,2.8,32.4
4.5,4.1,47.7
5,4.5,53
5.1,1.5,17.7
5.2,0.4,4.4
5.3,0.9,11
5.4,0.4,4.9
5.5,0.5,6.2
5.6,0.8,8.8
6,4,46.5
6.1,1.1,12.7
6.2,2.7,31.4
6.3,0.2,2.4
7,14.3,166.7
7.1,2.8,32.4
7.2,8.8,102.6
7.3,2.7,31.8
8,3.3,38.4
8.1,0.2,2.3
8.2,0.1,1.5
8.3,3,34.6
9,9.1,106.8
9.1,1.8,21
9.2,0.2,2.1
9.3,1.9,22.4
9.4,2.4,28.2
9.5,1.3,15.3
9.6,0.5,5.4
10,1.5,17.8
10.1,0.4,5.2
10.2,0.3,3.5
10.3,0.7,8.6
10.4,0,0.4
11,8.7,101.9
11.1,2.3,26.6
11.3,0.6,6.6
11.4,4.4,51.3
11.5,0.5,5.7
11.6,1,11.7
13,8.6,100.8
13.1,8.6,100.8
04.1.01,7.9,92.2
04.4.03,2.4,27.7
04.5.01,3.5,41.3
07.2.02,5.3,61.7
1,15.1,262
1.1,1.9,33.2
1.2,2.3,40.6
1.3,5.1,88.5
1.4,1.6,27.5
1.5,4.2,72.1
2,5.8,101.1
2.1,4.7,82.1
2.2,1.1,19
3,4.3,74
3.1,3.6,62.2
3.2,0.7,11.8
4,14.5,251.1
4.1,4.7,81.8
4.3,3.7,63.5
4.4,2.7,46.9
4.5,3.4,58.9
5,5.4,93.2
5.1,1.8,30.4
5.2,0.6,11
5.3,1.1,19.5
5.4,0.4,6.4
5.5,0.7,11.3
5.6,0.8,14.5
6,4.9,84.4
6.1,1,18
6.2,3.5,60.8
6.3,0.3,5.6
7,15.5,268.8
7.1,4.2,72.4
7.2,7.5,130.6
7.3,3.8,65.8
8,3.4,59.2
8.1,0.3,4.4
8.2,0.2,3.3
8.3,3,51.5
9,9.9,172.2
9.1,1.5,26.4
9.2,0.3,5.8
9.3,2.3,39.1
9.4,2.5,43.3
9.5,1.1,18.3
9.6,0.7,12.1
10,1.8,31.7
10.1,0.4,6.5
10.2,0.6,10
10.3,0.8,14.2
10.4,0.1,0.9
11,9.4,162.2
11.1,2.2,38.9
11.3,0.6,10.2
11.4,4.8,82.8
11.5,0.5,8.4
11.6,1.3,21.9
13,9.9,171.2
13.1,9.9,171.2
04.1.01,4.7,81.8
04.4.03,2.3,39.2
04.5.01,2.9,50.5
07.2.02,4.2,73.6
1,19,156.3
1.1,2.2,17.9
1.2,3.4,27.9
1.3,7.9,65.1
1.4,2.2,18
1.5,3.3,27.5
2,7.6,62.6
2.1,3.6,29.6
2.2,4,32.9
3,3,24.8
3.1,2.4,20
3.2,0.6,4.8
4,27.1,222.5
4.1,17.6,144.7
4.3,1.3,11.1
4.4,2.2,18.2
4.5,5.9,48.6
5,3.2,25.9
5.1,1.1,9
5.2,0.2,2
5.3,0.5,4.5
5.4,0.2,1.7
5.5,0.2,2
5.6,0.8,6.5
6,2.6,21
6.1,0.7,5.7
6.2,1.6,13
6.3,0.3,2.3
7,12.7,104.1
7.1,2,16.4
7.2,9.4,76.8
7.3,1.3,10.9
8,3.8,31.1
8.1,0.1,1
8.2,0.1,1
8.3,3.5,29.1
9,7,57.9
9.1,1.2,10.2
9.2,0.1,0.4
9.3,2.1,17.2
9.4,2.2,18.4
9.5,0.8,6.4
9.6,0.2,1.8
10,1.2,9.5
10.1,0.4,3
10.2,0.3,2.8
10.3,0.4,3.6
10.4,0,0.1
11,6.1,50.2
11.1,2,16
11.3,0.4,3.2
11.4,2.7,21.8
11.5,0.6,4.6
11.6,0.6,4.6
13,6.7,54.9
13.1,6.7,54.9
04.1.01,17.6,144.7
04.4.03,1.9,15.4
04.5.01,5.3,43.8
07.2.02,5.9,48.5
1,21,102.3
1.1,3.4,16.5
1.2,3.7,18.3
1.3,9.5,46.4
1.4,1.7,8.2
1.5,2.7,13
2,5.3,25.7
2.1,3.6,17.5
2.2,1.7,8.1
3,2.9,14.1
3.1,2.4,11.8
3.2,0.5,2.3
4,21.9,106.9
4.1,5.3,26.1
4.3,2.6,12.5
4.4,6.7,32.5
4.5,7.4,35.9
5,4.9,23.8
5.1,1,4.9
5.2,0.4,1.9
5.3,1.4,6.6
5.4,0.2,1
5.5,0.7,3.6
5.6,1.2,5.8
6,6.2,30.4
6.1,1.4,6.8
6.2,4.5,21.8
6.3,0.4,1.8
7,12.1,59
7.1,1.4,7
7.2,8.5,41.5
7.3,2.2,10.5
8,4.9,24.1
8.1,0.3,1.4
8.2,0.1,0.5
8.3,4.6,22.2
9,9.7,47.4
9.1,1.2,5.7
9.2,0.1,0.3
9.3,2.1,10.3
9.4,2.7,13.1
9.5,1.9,9.3
9.6,0.6,2.7
10,0,0.2
10.1,0,0
10.2,0,0
10.3,0,0.1
10.4,0,0
11,9.3,45.3
11.1,2.2,10.9
11.3,0.2,1.2
11.4,5.6,27.4
11.5,0.4,1.7
11.6,0.8,4.1
13,1.8,8.6
13.1,1.8,8.6
04.1.01,5.3,26.1
04.4.03,6.1,29.7
04.5.01,6.5,31.8
07.2.02,4.6,22.7
1,18.6,175.5
1.1,2.6,24.2
1.2,3.1,29.2
1.3,7.3,69.5
1.4,1.9,17.6
1.5,3.7,35
2,6.4,60.4
2.1,4,38
2.2,2.4,22.3
3,3,28.3
3.1,2.5,23.3
3.2,0.5,5
4,23,217.8
4.1,11.2,105.7
4.3,2.2,21
4.4,4,37.7
4.5,5.6,53.4
5,4,37.9
5.1,1.2,11
5.2,0.3,3.2
5.3,0.8,7.9
5.4,0.3,2.5
5.5,0.5,5
5.6,0.9,8.3
6,3.4,31.7
6.1,1,9.8
6.2,2.1,20.2
6.3,0.2,1.7
7,13.2,124.6
7.1,2.4,22.8
7.2,8.6,81.5
7.3,2.1,20.3
8,4,37.5
8.1,0.2,1.5
8.2,0.2,2.2
8.3,3.6,33.8
9,8.1,77.1
9.1,1,9.7
9.2,0.2,1.7
9.3,2,18.5
9.4,2.6,24.8
9.5,1.1,10.5
9.6,0.4,3.8
10,1.3,12.1
10.1,0.3,3.2
10.2,0.4,3.6
10.3,0.5,4.7
10.4,0.1,0.5
11,9.3,88.1
11.1,2.2,20.5
11.3,0.3,3.2
11.4,5.6,52.6
11.5,0.4,3.8
11.6,0.8,8
13,5.8,55
13.1,5.8,55
04.1.01,11.2,105.7
04.4.03,3.4,32
04.5.01,5.1,48.1
07.2.02,5,47.4
1,18,94.2
1.1,2.5,13.3
1.2,3.1,16.2
1.3,8.4,44
1.4,1.9,9.8
1.5,2.1,10.9
2,6.3,33.3
2.1,2.4,12.4
2.2,4,20.8
3,1.3,6.7
3.1,1.2,6.1
3.2,0.1,0.5
4,42.2,221.5
4.1,31.8,166.7
4.3,0.6,3.1
4.4,2.4,12.5
4.5,7.5,39.2
5,2.1,10.8
5.1,0.4,2.3
5.2,0.1,0.6
5.3,0.5,2.4
5.4,0.1,0.5
5.5,0.3,1.8
5.6,0.6,3.3
6,2.3,11.9
6.1,0.7,3.6
6.2,1.6,8.2
6.3,0,0.2
7,9.4,49.4
7.1,1.1,5.8
7.2,7.4,38.6
7.3,1,5
8,3.1,16.5
8.1,0.1,0.6
8.2,0.1,0.7
8.3,2.9,15.2
9,4.6,24
9.1,0.5,2.7
9.2,0,0
9.3,1.3,7.1
9.4,1.8,9.3
9.5,0.7,3.7
9.6,0.1,0.5
10,1.2,6.3
10.1,0.1,0.6
10.2,0.2,1.3
10.3,0.8,4.1
10.4,0.1,0.3
11,5.9,31.2
11.1,1.8,9.4
11.3,0.1,0.4
11.4,2.6,13.8
11.5,0.5,2.5
11.6,1,5
13,3.6,18.7
13.1,3.6,18.7
04.1.01,31.8,166.7
04.4.03,1.8,9.5
04.5.01,6.9,36.2
07.2.02,4.7,24.9
1,19.2,94.9
1.1,2.8,14.1
1.2,3.7,18.1
1.3,8.9,43.8
1.4,1.7,8.5
1.5,2.1,10.4
2,5.3,26.3
2.1,2.8,13.7
2.2,2.6,12.6
3,1.6,8.1
3.1,1.3,6.3
3.2,0.4,1.7
4,32.7,161.9
4.1,18.6,92.3
4.3,1.6,8
4.4,4.4,21.8
4.5,8,39.8
5,2.9,14.2
5.1,0.8,3.8
5.2,0.2,1
5.3,0.5,2.6
5.4,0.2,0.8
5.5,0.4,2
5.6,0.8,4
6,2.9,14.6
6.1,1,5.1
6.2,1.9,9.3
6.3,0,0.2
7,11.1,55.1
7.1,1.7,8.3
7.2,8.3,40.9
7.3,1.2,5.8
8,5.4,26.7
8.1,0.2,1
8.2,0.2,1.2
8.3,4.9,24.5
9,6.5,32.1
9.1,0.8,3.8
9.2,0.1,0.5
9.3,1.7,8.2
9.4,2.3,11.3
9.5,1,5.2
9.6,0.3,1.4
10,0.9,4.5
10.1,0.1,0.5
10.2,0.3,1.5
10.3,0.5,2.2
10.4,0,0.2
11,8.3,40.9
11.1,2.2,11
11.3,0.1,0.4
11.4,4.7,23.3
11.5,0.4,2
11.6,0.9,4.2
13,3.2,15.7
13.1,3.2,15.7
04.1.01,18.6,92.3
04.4.03,3.8,18.9
04.5.01,7.4,36.8
07.2.02,4.8,23.9
1,20,147.7
1.1,3,21.9
1.2,3.3,24.4
1.3,8.3,61.4
1.4,2,15
1.5,3.4,25
2,6.2,46
2.1,3.4,25.3
2.2,2.8,20.6
3,2.4,17.9
3.1,2.1,15.5
3.2,0.3,2.4
4,27,199.6
4.1,14.5,107.3
4.3,1.6,12
4.4,4.4,32.8
4.5,6.4,47.4
5,3.9,28.5
5.1,1,7.6
5.2,0.4,2.9
5.3,1,7.3
5.4,0.2,1.1
5.5,0.4,3.3
5.6,0.9,6.3
6,3.2,24
6.1,1.1,8.1
6.2,2,14.5
6.3,0.2,1.3
7,11.8,87.2
7.1,1.9,14
7.2,8.5,62.9
7.3,1.4,10.3
8,4.1,30.5
8.1,0.1,1.1
8.2,0.2,1.7
8.3,3.8,27.7
9,6.9,50.9
9.1,0.9,6.4
9.2,0.1,0.8
9.3,1.7,12.5
9.4,2.5,18.5
9.5,1,7.6
9.6,0.3,2.4
10,1,7.3
10.1,0.2,1.2
10.2,0.3,2.1
10.3,0.4,3.3
10.4,0.1,0.7
11,8.4,62.2
11.1,2.1,15.3
11.3,0.2,1.8
11.4,5.1,37.7
11.5,0.4,3.2
11.6,0.6,4.2
13,5,36.6
13.1,5,36.6
04.1.01,14.5,107.3
04.4.03,3.7,27.6
04.5.01,5.9,43.4
07.2.02,5.3,39.4
1,18.8,190.4
1.1,2.5,25
1.2,3,30.6
1.3,7.3,73.7
1.4,2.2,22.6
1.5,3.8,38.5
2,6.1,62
2.1,3.9,40.1
2.2,2.2,21.9
3,3.1,31.8
3.1,2.6,26.1
3.2,0.6,5.7
4,21.6,219.5
4.1,10.4,105.6
4.3,2.1,21.3
4.4,3.8,38.4
4.5,5.3,54.2
5,3.8,38.3
5.1,1.1,11.3
5.2,0.3,3.2
5.3,0.7,7.4
5.4,0.3,3.1
5.5,0.5,4.8
5.6,0.8,8.5
6,3.1,31.8
6.1,1,10.6
6.2,2.1,20.9
6.3,0,0.3
7,13.3,134.9
7.1,2.5,25.8
7.2,8.6,87.8
7.3,2.1,21.4
8,4.1,42.1
8.1,0.1,1.3
8.2,0.2,2.5
8.3,3.8,38.3
9,8.9,90.6
9.1,1.1,11.4
9.2,0.2,1.8
9.3,2.2,22.2
9.4,2.7,27.5
9.5,1.5,15.1
9.6,0.3,3.4
10,1.6,16.6
10.1,0.4,4.2
10.2,0.5,4.7
10.3,0.7,7.1
10.4,0.1,0.6
11,9,91.8
11.1,2,20.2
11.3,0.3,3
11.4,5.6,56.4
11.5,0.5,4.8
11.6,0.7,7.4
13,6.4,65.4
13.1,6.4,65.4
04.1.01,10.4,105.6
04.4.03,3.1,31.8
04.5.01,4.8,49
07.2.02,5,50.4
1,18.2,230.3
1.1,2.4,30.5
1.2,3,38
1.3,6.8,85.9
1.4,1.8,22.9
1.5,4.2,53
2,7.8,98.7
2.1,5,63.8
2.2,2.8,34.9
3,3.8,48.3
3.1,3,38.1
3.2,0.8,10.2
4,17.5,221.2
4.1,7.6,95.9
4.3,2.1,26.5
4.4,3.4,43.1
4.5,4.4,55.6
5,4.2,52.9
5.1,1.2,14.8
5.2,0.3,3.3
5.3,0.7,9.3
5.4,0.4,4.8
5.5,0.7,8.7
5.6,0.9,12
6,3.7,46.9
6.1,0.9,11.6
6.2,2.4,30.2
6.3,0.4,5.1
7,13.7,173.4
7.1,2.5,31.9
7.2,9.1,115.3
7.3,2.1,26.3
8,3.1,39.6
8.1,0.1,1.8
8.2,0.3,3.7
8.3,2.7,34.1
9,9.1,115.5
9.1,1.2,14.7
9.2,0.4,5.6
9.3,2.3,29.1
9.4,2.7,34.4
9.5,1,12.5
9.6,0.6,7.3
10,1.6,20.4
10.1,0.7,9.1
10.2,0.3,3.3
10.3,0.6,7.4
10.4,0,0.5
11,9.7,122.6
11.1,2.1,26.3
11.3,0.5,6.6
11.4,5.9,74
11.5,0.4,4.7
11.6,0.9,11
13,7.4,93.7
13.1,7.4,93.7
04.1.01,7.6,95.9
04.4.03,2.9,36.4
04.5.01,3.9,49.8
07.2.02,5.2,65.3
1,16.6,257.2
1.1,2.1,32.7
1.2,2.4,37.5
1.3,5.5,85.3
1.4,1.5,23.8
1.5,5,77.8
2,6.5,100.1
2.1,4.9,76.3
2.2,1.5,23.8
3,3.9,61.2
3.1,3.3,51.7
3.2,0.6,9.5
4,16.2,251.3
4.1,4.7,72.4
4.3,3.7,56.9
4.4,3.9,60.1
4.5,4,61.9
5,5.4,83.1
5.1,1.7,26.9
5.2,0.5,8.1
5.3,1.2,18.3
5.4,0.3,5.2
5.5,0.6,9.9
5.6,0.9,14.7
6,3.7,57.6
6.1,1.1,16.9
6.2,2.4,36.8
6.3,0.3,3.9
7,15.9,246.7
7.1,3.4,53
7.2,8.5,132
7.3,4,61.7
8,3,46.8
8.1,0.2,2.7
8.2,0.2,2.5
8.3,2.7,41.7
9,9.3,144.2
9.1,1.2,18.9
9.2,0.1,0.9
9.3,1.9,30
9.4,2.9,44.6
9.5,1,15.4
9.6,0.5,7.6
10,1.3,19.4
10.1,0.3,4.5
10.2,0.6,9.2
10.3,0.3,5
10.4,0,0.7
11,11.1,172.2
11.1,2.5,38.1
11.3,0.5,8.3
11.4,6.6,102
11.5,0.3,5.2
11.6,1.2,18.6
13,7.1,109.9
13.1,7.1,109.9
04.1.01,4.7,72.4
04.4.03,3.3,51.9
04.5.01,3.4,52
07.2.02,4.8,74.1
1,19.3,73.9
1.1,2.9,11
1.2,3.7,14.4
1.3,8.9,34
1.4,1.7,6.4
1.5,2.2,8.3
2,5.2,20
2.1,2.2,8.6
2.2,3,11.4
3,1.4,5.5
3.1,1.2,4.8
3.2,0.2,0.7
4,34.5,132.5
4.1,18,69.2
4.3,1.4,5.3
4.4,5.7,21.9
4.5,9.4,36
5,2.7,10.2
5.1,0.7,2.7
5.2,0.1,0.5
5.3,0.6,2.4
5.4,0.1,0.4
5.5,0.4,1.3
5.6,0.8,2.9
6,3.1,11.8
6.1,1.1,4.1
6.2,2,7.6
6.3,0,0.1
7,10.3,39.7
7.1,0.8,2.9
7.2,8.7,33.2
7.3,0.9,3.5
8,5.8,22.2
8.1,0.2,0.7
8.2,0.1,0.3
8.3,5.6,21.3
9,5.6,21.5
9.1,0.7,2.8
9.2,0,0.1
9.3,1.4,5.2
9.4,2,7.7
9.5,1,3.9
9.6,0.2,0.6
10,0.6,2.3
10.1,0.2,0.7
10.2,0.2,0.9
10.3,0.1,0.6
10.4,0,0.1
11,9,34.5
11.1,2.2,8.4
11.3,0.1,0.3
11.4,5.6,21.5
11.5,0.5,1.9
11.6,0.6,2.4
13,2.5,9.4
13.1,2.5,9.4
04.1.01,18,69.2
04.4.03,5,19.3
04.5.01,8.6,33.1
07.2.02,4.8,18.4
1,20.5,140.6
1.1,3.1,21.2
1.2,3.4,23.3
1.3,8.6,59.1
1.4,2.1,14.2
1.5,3.3,22.8
2,7.3,50
2.1,4,27.7
2.2,3.2,22.2
3,1.9,13.1
3.1,1.5,10.4
3.2,0.4,2.7
4,27.7,190.3
4.1,15.4,105.8
4.3,1.6,10.9
4.4,4.4,30
4.5,6.4,43.7
5,3.5,24.2
5.1,0.9,6.1
5.2,0.3,1.9
5.3,0.9,6
5.4,0.2,1.1
5.5,0.5,3.1
5.6,0.9,6
6,3.4,23.5
6.1,1.1,7.3
6.2,1.9,13
6.3,0.5,3.2
7,11.3,77.4
7.1,1.1,7.5
7.2,8.7,59.7
7.3,1.5,10.1
8,4.5,30.7
8.1,0.2,1.1
8.2,0.3,2
8.3,4,27.6
9,6.9,47.4
9.1,0.8,5.5
9.2,0.1,0.4
9.3,1.8,12.6
9.4,2.4,16.7
9.5,1.2,8.6
9.6,0.2,1.6
10,0.9,6
10.1,0.1,0.9
10.2,0.3,2.2
10.3,0.3,2.2
10.4,0.1,0.8
11,8.5,58.3
11.1,2.1,14.5
11.3,0.2,1.6
11.4,5.1,34.9
11.5,0.5,3.1
11.6,0.6,4.2
13,3.7,25.4
13.1,3.7,25.4
04.1.01,15.4,105.8
04.4.03,3.7,25.2
04.5.01,5.9,40.4
07.2.02,5.5,38.1
1,19.8,187.4
1.1,2.7,25.8
1.2,3.1,29.5
1.3,7.7,72.8
1.4,2.1,19.9
1.5,4.2,39.4
2,6.4,60.3
2.1,4.3,41.1
2.2,2,19.3
3,3.1,29.7
3.1,2.6,25
3.2,0.5,4.7
4,20.5,193.9
4.1,9.9,93.9
4.3,2,18.7
4.4,3.7,34.6
4.5,4.9,46.8
5,4.2,40
5.1,1.2,11.1
5.2,0.4,3.7
5.3,0.9,8.9
5.4,0.3,3
5.5,0.6,5.3
5.6,0.8,8
6,3.5,33.2
6.1,1.1,10.3
6.2,2.1,19.9
6.3,0.3,3
7,12.9,121.6
7.1,1.8,17.4
7.2,8.8,83.6
7.3,2.2,20.6
8,3.6,34.1
8.1,0.1,1.1
8.2,0.3,2.5
8.3,3.2,30.5
9,9.4,88.8
9.1,1.2,11.6
9.2,0.3,3
9.3,2.4,22.8
9.4,2.9,27.6
9.5,1.3,11.9
9.6,0.5,5
10,1.3,12.1
10.1,0.3,2.7
10.2,0.3,2.7
10.3,0.6,6
10.4,0.1,0.8
11,9.5,90.2
11.1,2.2,20.4
11.3,0.4,4
11.4,5.5,51.9
11.5,0.4,3.9
11.6,1.1,10
13,5.8,54.6
13.1,5.8,54.6
04.1.01,9.9,93.9
04.4.03,3,28.8
04.5.01,4.4,42
07.2.02,5.3,49.7
1,17.4,222.4
1.1,2.2,28.1
1.2,2.8,35.8
1.3,6.1,77.9
1.4,2.1,26.3
1.5,4.3,54.4
2,7.2,91.3
2.1,4.9,62.3
2.2,2.3,29
3,3.6,45.5
3.1,2.9,36.5
3.2,0.7,9
4,18.1,230.5
4.1,8.4,107.1
4.3,2.1,27.2
4.4,3.3,42.2
4.5,4.2,54
5,4.4,56.3
5.1,1.3,16.4
5.2,0.5,5.8
5.3,0.8,9.6
5.4,0.3,3.7
5.5,0.6,8.2
5.6,1,12.6
6,3.2,40.5
6.1,0.9,11.5
6.2,2.3,28.8
6.3,0,0.2
7,14.8,189.4
7.1,3.1,40.1
7.2,8.8,111.6
7.3,3,37.6
8,3.3,42.3
8.1,0.2,2.4
8.2,0.3,3.9
8.3,2.8,36
9,9,114.6
9.1,1.2,14.9
9.2,0.2,2
9.3,2.2,27.4
9.4,2.8,35.5
9.5,1,12.4
9.6,0.5,6.5
10,2,25
10.1,0.6,8.2
10.2,0.3,4.3
10.3,0.9,12.1
10.4,0,0.4
11,9.5,121.3
11.1,2,25.9
11.3,0.4,5.6
11.4,5.9,75.4
11.5,0.3,3.9
11.6,0.8,10.5
13,7.6,96.7
13.1,7.6,96.7
04.1.01,8.4,107.1
04.4.03,2.8,35.1
04.5.01,3.7,47.3
07.2.02,5.2,66
1,15.8,295.6
1.1,1.9,36.1
1.2,2.3,44
1.3,5.5,102.6
1.4,1.4,26.6
1.5,4.6,86.2
2,5.9,110.5
2.1,4.6,86.5
2.2,1.3,24.1
3,4.9,91.9
3.1,4,75.7
3.2,0.9,16.2
4,14.3,268
4.1,4.1,76.7
4.3,4,75.7
4.4,2.9,53.8
4.5,3.3,61.8
5,5.2,98.1
5.1,1.8,33.1
5.2,0.4,8.4
5.3,1,18.1
5.4,0.5,8.5
5.5,0.6,12
5.6,1,18
6,3.6,66.8
6.1,1.1,19.9
6.2,2.4,45.6
6.3,0.1,1.3
7,16.6,311
7.1,5.2,97.7
7.2,8.1,152.8
7.3,3.2,60.4
8,2.6,49.5
8.1,0.2,2.8
8.2,0.3,4.7
8.3,2.2,42
9,9.9,185
9.1,1.2,22.8
9.2,0.3,6.3
9.3,2,37.7
9.4,3,55.5
9.5,1.1,20
9.6,0.6,10.8
10,1.7,31.6
10.1,0.5,8.6
10.2,0.7,13.8
10.3,0.5,8.6
10.4,0,0.6
11,10,188.2
11.1,2.4,44.2
11.3,0.5,9.4
11.4,5.7,107.4
11.5,0.3,6.3
11.6,1.1,20.9
13,9.6,179.7
13.1,9.6,179.7
04.1.01,4.1,76.7
04.4.03,2.4,45.1
04.5.01,2.8,52
07.2.02,4.3,80.6
1,19.1,159.9
1.1,2.3,18.8
1.2,3.3,27.4
1.3,7.5,62.3
1.4,2.4,20
1.5,3.8,31.4
2,7.7,64.3
2.1,3.3,27.9
2.2,4.4,36.4
3,2.7,22.5
3.1,2.2,18.6
3.2,0.5,3.9
4,28.3,236.3
4.1,17.6,146.7
4.3,1.2,9.8
4.4,2.9,24.4
4.5,6.6,55.4
5,3.3,27.4
5.1,1,8.4
5.2,0.3,2.1
5.3,0.6,4.9
5.4,0.2,1.6
5.5,0.5,3.8
5.6,0.8,6.5
6,2,16.5
6.1,0.6,4.8
6.2,1.3,10.6
6.3,0.1,1.1
7,12.4,104
7.1,1.5,12.7
7.2,9.4,79
7.3,1.5,12.4
8,3.5,29
8.1,0.1,0.5
8.2,0.2,1.8
8.3,3.2,26.7
9,6.2,51.6
9.1,0.8,7
9.2,0,0.3
9.3,1.3,11.1
9.4,2.6,21.8
9.5,0.5,4.3
9.6,0.3,2.1
10,1.1,9.4
10.1,0.3,2.8
10.2,0.3,2.7
10.3,0.4,3.5
10.4,0,0.4
11,8,66.8
11.1,2,16.4
11.3,0.3,2.2
11.4,4.3,36.3
11.5,0.6,4.7
11.6,0.9,7.3
13,5.8,48.1
13.1,5.8,48.1
04.1.01,17.6,146.7
04.4.03,2.4,20.2
04.5.01,6,50.5
07.2.02,5.7,47.7
1,18.6,104.5
1.1,3.1,17.5
1.2,3.6,20.4
1.3,7.9,44.3
1.4,1.4,7.7
1.5,2.6,14.7
2,5.4,30.3
2.1,4.3,23.9
2.2,1.1,6.4
3,2.7,15.2
3.1,2.3,12.8
3.2,0.4,2.4
4,21.3,119.6
4.1,4,22.5
4.3,3.1,17.4
4.4,6.9,38.9
4.5,7.2,40.7
5,4.8,26.8
5.1,1.4,7.7
5.2,0.4,2
5.3,1.1,6
5.4,0.2,1.4
5.5,0.6,3.1
5.6,1.2,6.6
6,5.5,31
6.1,1.6,9.2
6.2,3.4,19.4
6.3,0.4,2.4
7,13.2,74.1
7.1,3.2,17.8
7.2,8.1,45.6
7.3,1.9,10.7
8,6,33.9
8.1,0.2,1.4
8.2,0.1,0.6
8.3,5.7,31.9
9,9.8,55.1
9.1,1,5.4
9.2,0.2,1.1
9.3,2,11.5
9.4,2.6,14.5
9.5,2.1,11.8
9.6,0.5,3
10,0.2,0.9
10.1,0,0
10.2,0.1,0.7
10.3,0,0.2
10.4,0,0
11,11.2,62.9
11.1,2.2,12.1
11.3,0.2,1.4
11.4,7.6,42.7
11.5,0.3,1.6
11.6,0.9,5
13,1.5,8.2
13.1,1.5,8.2
04.1.01,4,22.5
04.4.03,6.2,35.1
04.5.01,6.6,36.9
07.2.02,4.1,22.8
1,19.9,207.1
1.1,3.3,34
1.2,3.1,32
1.3,7.3,75.6
1.4,1.9,19.9
1.5,4.4,45.6
2,6.3,65.1
2.1,3.8,39.1
2.2,2.5,26
3,3.2,33
3.1,2.6,27.1
3.2,0.6,5.9
4,23.1,240.6
4.1,11.4,119.1
4.3,1.5,15.2
4.4,4.7,48.6
4.5,5.5,57.7
5,3.9,41.1
5.1,0.9,9.5
5.2,0.4,3.9
5.3,0.8,8.7
5.4,0.3,3.3
5.5,0.6,5.8
5.6,1,9.9
6,3.1,32.3
6.1,1.2,12
6.2,1.8,18.9
6.3,0.1,1.3
7,12.4,128.6
7.1,3.1,32.2
7.2,6.7,70.1
7.3,2.5,26.3
8,3.6,37.9
8.1,0.1,1.2
8.2,0.4,4.4
8.3,3.1,32.3
9,8.1,84.4
9.1,0.9,9.6
9.2,0.2,1.9
9.3,2.1,21.5
9.4,2.6,26.6
9.5,1.1,11.2
9.6,1.3,13.5
10,1.3,13.2
10.1,0.3,3
10.2,0.4,3.7
10.3,0.6,6.3
10.4,0,0.3
11,9.2,95.5
11.1,2.3,23.5
11.3,0.4,4.4
11.4,5.6,58
11.5,0.3,2.6
11.6,0.7,7
13,6,62.5
13.1,6,62.5
04.1.01,11.4,119.1
04.4.03,4.1,42.6
04.5.01,5,51.9
07.2.02,4.2,44.2
1,18.6,107.4
1.1,2.9,16.5
1.2,3,17.2
1.3,7.7,44.2
1.4,2.3,13.3
1.5,2.8,16.2
2,6.2,36
2.1,2.1,12.3
2.2,4.1,23.7
3,1.1,6.5
3.1,1.1,6.1
3.2,0.1,0.4
4,43.5,251
4.1,32.7,188.2
4.3,0.8,4.9
4.4,2.2,12.8
4.5,7.8,45
5,2,11.3
5.1,0.3,2
5.2,0.1,0.4
5.3,0.5,3
5.4,0.1,0.5
5.5,0.2,1.3
5.6,0.7,4.2
6,1.9,11.1
6.1,0.6,3.6
6.2,1.3,7.5
6.3,0,0
7,9.3,53.5
7.1,2,11.4
7.2,6.1,35.4
7.3,1.2,6.7
8,4,23.2
8.1,0.1,0.7
8.2,0.1,0.6
8.3,3.8,21.9
9,4.2,24.3
9.1,0.8,4.4
9.2,0.1,0.3
9.3,1.4,8
9.4,1.3,7.5
9.5,0.4,2.5
9.6,0.3,1.6
10,0.8,4.8
10.1,0.1,0.5
10.2,0.2,1.1
10.3,0.5,2.7
10.4,0.1,0.5
11,5.1,29.6
11.1,1.8,10.1
11.3,0.1,0.5
11.4,2.6,15.1
11.5,0.4,2.2
11.6,0.3,1.7
13,3.1,17.7
13.1,3.1,17.7
04.1.01,32.7,188.2
04.4.03,1.9,11.1
04.5.01,7.3,42.2
07.2.02,4.3,24.5
1,21.3,109.5
1.1,3.9,19.8
1.2,3.6,18.7
1.3,8.8,45.4
1.4,2,10.4
1.5,2.9,15.1
2,4.7,24.4
2.1,2.5,12.7
2.2,2.3,11.7
3,1.6,8.3
3.1,1.3,6.7
3.2,0.3,1.6
4,33.2,170.5
4.1,17.5,89.7
4.3,1.4,7
4.4,5.8,29.9
4.5,8.5,43.9
5,3.8,19.3
5.1,0.8,3.9
5.2,0.3,1.7
5.3,1.1,5.4
5.4,0.1,0.7
5.5,0.6,2.9
5.6,0.9,4.6
6,2.9,14.8
6.1,1.2,5.9
6.2,1.7,8.9
6.3,0,0
7,10.2,52.6
7.1,2,10.5
7.2,6.3,32.3
7.3,1.9,9.8
8,4.6,23.6
8.1,0.1,0.4
8.2,0.2,0.9
8.3,4.4,22.3
9,6.1,31.5
9.1,0.7,3.4
9.2,0,0.1
9.3,1.7,8.7
9.4,1.9,9.9
9.5,1.2,6.2
9.6,0.6,3.2
10,1,5.3
10.1,0.1,0.4
10.2,0.2,1
10.3,0.7,3.5
10.4,0.1,0.3
11,7.7,39.5
11.1,2.1,10.8
11.3,0.2,1
11.4,4.6,23.6
11.5,0.3,1.4
11.6,0.5,2.7
13,2.8,14.3
13.1,2.8,14.3
04.1.01,17.5,89.7
04.4.03,5.3,27.4
04.5.01,7.9,40.3
07.2.02,4.1,21
1,20.4,170.9
1.1,3.5,29.2
1.2,3.3,27.4
1.3,8.1,67.8
1.4,2.1,17.2
1.5,3.5,29.3
2,5.6,47
2.1,2.8,23.5
2.2,2.8,23.5
3,2.4,20.4
3.1,2.1,17.5
3.2,0.3,2.8
4,27.7,232.2
4.1,16.1,134.9
4.3,1.2,9.9
4.4,4.6,38.3
4.5,5.9,49.1
5,3.4,28.5
5.1,0.8,7
5.2,0.2,1.9
5.3,0.8,6.5
5.4,0.3,2.2
5.5,0.5,3.8
5.6,0.8,7.1
6,2.9,24.4
6.1,1,8.8
6.2,1.7,14.4
6.3,0.1,1.2
7,11.5,96.4
7.1,2.9,24.5
7.2,6.7,56.1
7.3,1.9,15.8
8,4.1,34.2
8.1,0.2,1.3
8.2,0.5,4
8.3,3.5,29
9,7.8,65.2
9.1,0.9,7.8
9.2,0.3,2.7
9.3,2.3,19.3
9.4,2.3,19.7
9.5,1,8.2
9.6,0.9,7.6
10,1.3,11.1
10.1,0.2,2
10.2,0.3,2.8
10.3,0.7,6.3
10.4,0,0.1
11,7.9,66.5
11.1,2.1,17.9
11.3,0.3,2.2
11.4,4.9,41.4
11.5,0.2,1.9
11.6,0.4,3.1
13,4.9,40.7
13.1,4.9,40.7
04.1.01,16.1,134.9
04.4.03,4,33.2
04.5.01,5.3,44.6
07.2.02,4.5,37.5
1,19.9,221.1
1.1,3.2,35.7
1.2,3,33.6
1.3,7,78.3
1.4,1.8,20.3
1.5,4.8,53.1
2,6.6,73.3
2.1,3.6,39.7
2.2,3,33.6
3,3.3,36.5
3.1,2.8,30.8
3.2,0.5,5.8
4,22.6,252.1
4.1,12.3,136.5
4.3,1.2,13.6
4.4,4.2,47.1
4.5,4.9,54.9
5,3.9,43.5
5.1,0.9,10.2
5.2,0.4,4.9
5.3,0.7,8.3
5.4,0.3,3
5.5,0.6,6.4
5.6,1,10.8
6,2.9,32.4
6.1,1.1,11.7
6.2,1.8,19.9
6.3,0.1,0.8
7,13,144.2
7.1,3.4,37.7
7.2,6.9,77.2
7.3,2.6,29.2
8,3.4,37.9
8.1,0.1,0.9
8.2,0.4,5
8.3,2.9,32
9,7.7,85.2
9.1,1,11.4
9.2,0.2,2.3
9.3,1.9,21
9.4,2.6,28.9
9.5,1.1,11.7
9.6,0.9,10
10,1.6,17.8
10.1,0.5,6
10.2,0.4,4.2
10.3,0.6,7
10.4,0.1,0.6
11,9,100.5
11.1,2.1,23.2
11.3,0.6,6.5
11.4,5.3,59.3
11.5,0.3,3.4
11.6,0.7,8.1
13,6.2,69
13.1,6.2,69
04.1.01,12.3,136.5
04.4.03,3.5,39.5
04.5.01,4.4,49.1
07.2.02,4.7,51.9
1,19.5,255.4
1.1,2.9,38.4
1.2,2.8,36.1
1.3,6.7,87.9
1.4,1.9,25
1.5,5.2,67.9
2,7.3,95.1
2.1,4.4,57.6
2.2,2.9,37.5
3,3.9,51.5
3.1,3.1,40.2
3.2,0.9,11.4
4,17.6,229.3
4.1,7.4,96.8
4.3,1.2,16.2
4.4,4.4,57.2
4.5,4.5,59.1
5,4,52.4
5.1,1,13.4
5.2,0.4,4.8
5.3,0.8,10.6
5.4,0.3,4.4
5.5,0.5,7
5.6,0.9,12.3
6,3,39.5
6.1,1.3,16.5
6.2,1.6,20.8
6.3,0.2,2.2
7,13.8,179.8
7.1,3.5,45.8
7.2,7.4,96.6
7.3,2.9,37.3
8,3.2,41.6
8.1,0.1,1.6
8.2,0.5,7
8.3,2.5,33.1
9,8.4,109.3
9.1,1,13.4
9.2,0.1,1.9
9.3,2.1,27.2
9.4,2.7,34.8
9.5,1.1,13.9
9.6,1.4,17.9
10,1.1,13.9
10.1,0.3,3.5
10.2,0.3,4.6
10.3,0.4,5.6
10.4,0,0.3
11,10.3,134.3
11.1,2.4,31.6
11.3,0.6,7.5
11.4,6.2,81.3
11.5,0.2,3.1
11.6,0.8,10.9
13,8,104.2
13.1,8,104.2
04.1.01,7.4,96.8
04.4.03,3.8,49.8
04.5.01,4.1,53.1
07.2.02,4.4,57.1
1,18.3,319.7
1.1,2.8,49.1
1.2,2.7,46.5
1.3,5.6,97.8
1.4,1.7,30.2
1.5,5.5,96.1
2,7.1,123.1
2.1,5.5,96.5
2.2,1.5,26.6
3,4.6,79.6
3.1,3.8,66
3.2,0.8,13.6
4,14.4,251.3
4.1,3.9,68.7
4.3,2.3,40.3
4.4,4.3,75.8
4.5,3.8,66.5
5,4.7,81.2
5.1,1,17.6
5.2,0.5,8.8
5.3,0.8,14
5.4,0.6,10.2
5.5,0.6,11.3
5.6,1.1,19.2
6,3.8,65.6
6.1,1.3,21.9
6.2,2.3,39.4
6.3,0.2,4.3
7,13.3,232.2
7.1,3.6,62.6
7.2,6.3,110.7
7.3,3.4,58.9
8,2.9,50.6
8.1,0.1,2
8.2,0.5,8.8
8.3,2.3,39.8
9,10.6,184.6
9.1,1,17.3
9.2,0.2,3.8
9.3,2.4,41.3
9.4,3.3,56.7
9.5,1.1,18.7
9.6,2.7,46.8
10,1.3,23
10.1,0.3,5.1
10.2,0.5,8.8
10.3,0.5,9
10.4,0,0.1
11,10.9,190.6
11.1,2.5,44.5
11.3,0.5,8.7
11.4,6.8,118
11.5,0.2,3.9
11.6,0.9,15.5
13,8.2,143.3
13.1,8.2,143.3
04.1.01,3.9,68.7
04.4.03,3.8,65.9
04.5.01,3.3,57
07.2.02,3.7,63.8
1,22,85
1.1,4,15.4
1.2,3.8,14.7
1.3,9.1,35.2
1.4,2.1,8.2
1.5,3,11.5
2,5.4,21
2.1,2.4,9.4
2.2,3,11.5
3,1.6,6
3.1,1.3,5.1
3.2,0.2,1
4,35.5,137.4
4.1,18.2,70.2
4.3,0.7,2.9
4.4,7,27
4.5,9.7,37.4
5,2.8,10.8
5.1,0.4,1.6
5.2,0.2,0.7
5.3,0.8,3
5.4,0.1,0.4
5.5,0.5,2
5.6,0.8,3
6,2.3,8.7
6.1,0.8,3.1
6.2,1.4,5.4
6.3,0.1,0.3
7,9.3,35.8
7.1,1.2,4.5
7.2,6.4,24.6
7.3,1.7,6.7
8,5.3,20.4
8.1,0.1,0.3
8.2,0.3,1
8.3,4.9,19.1
9,5.6,21.8
9.1,0.7,2.9
9.2,0,0.1
9.3,1.4,5.3
9.4,2,7.7
9.5,1.3,4.9
9.6,0.2,0.8
10,0.5,1.8
10.1,0,0.1
10.2,0.2,0.8
10.3,0.2,0.8
10.4,0,0.1
11,7.9,30.7
11.1,2,7.7
11.3,0.2,0.7
11.4,5.2,20.1
11.5,0.3,1.1
11.6,0.3,1.1
13,1.9,7.4
13.1,1.9,7.4
04.1.01,18.2,70.2
04.4.03,6.3,24.5
04.5.01,8.9,34.5
07.2.02,4,15.6
1,21.3,155.4
1.1,3.7,27
1.2,3.2,23.7
1.3,8.5,62.1
1.4,2.1,15.3
1.5,3.7,27.3
2,6.6,48.1
2.1,3.3,23.9
2.2,3.3,24.2
3,2.6,18.9
3.1,2.2,15.8
3.2,0.4,3.1
4,27.5,200.4
4.1,15.5,113.1
4.3,1.1,7.9
4.4,4.7,34.3
4.5,6.2,45.1
5,4,28.9
5.1,0.8,5.8
5.2,0.4,2.6
5.3,0.9,6.8
5.4,0.3,2.4
5.5,0.6,4.2
5.6,1,7.2
6,3.1,22.4
6.1,1.2,8.6
6.2,1.8,12.9
6.3,0.1,0.9
7,11,80.5
7.1,2.1,15.5
7.2,7.2,52.5
7.3,1.7,12.5
8,3.6,26.4
8.1,0.1,1
8.2,0.2,1.8
8.3,3.2,23.6
9,6.9,50.5
9.1,0.9,6.5
9.2,0.1,0.6
9.3,2,14.3
9.4,2.3,16.7
9.5,1,7.2
9.6,0.7,5.2
10,0.9,6.4
10.1,0.3,1.8
10.2,0.4,2.7
10.3,0.2,1.7
10.4,0,0.1
11,8.4,61.2
11.1,2.3,16.5
11.3,0.3,2.4
11.4,5.1,37
11.5,0.2,1.8
11.6,0.5,3.5
13,4.2,30.7
13.1,4.2,30.7
04.1.01,15.5,113.1
04.4.03,4.1,30
04.5.01,5.6,41.1
07.2.02,4.8,35.3
1,20.6,217.3
1.1,3.3,34.4
1.2,3.2,34.2
1.3,7.4,77.5
1.4,1.9,20.3
1.5,4.8,50.9
2,6.5,68.9
2.1,3.7,38.6
2.2,2.9,30.3
3,3.1,33
3.1,2.5,26.8
3.2,0.6,6.2
4,21.8,229.6
4.1,11.7,123.6
4.3,1.2,12.2
4.4,4.2,43.7
4.5,4.8,50.2
5,3.6,37.8
5.1,0.9,9
5.2,0.3,3.5
5.3,0.8,8.2
5.4,0.3,2.7
5.5,0.5,5.2
5.6,0.9,9.3
6,2.7,28.7
6.1,1.1,11.4
6.2,1.6,17.2
6.3,0,0
7,13.3,140.3
7.1,3.6,38.2
7.2,7.6,80
7.3,2.1,22
8,3.3,34.7
8.1,0.1,1.2
8.2,0.4,4
8.3,2.8,29.4
9,7.8,82.7
9.1,0.9,9.9
9.2,0.2,2.2
9.3,2.2,23.1
9.4,2.6,27.2
9.5,0.9,9.7
9.6,1,10.6
10,1.6,17.3
10.1,0.3,2.8
10.2,0.3,2.7
10.3,1.1,11.3
10.4,0,0.5
11,9,94.3
11.1,2,21.2
11.3,0.5,5
11.4,5.5,58.3
11.5,0.2,2.2
11.6,0.7,7.6
13,6.6,69.1
13.1,6.6,69.1
04.1.01,11.7,123.6
04.4.03,3.5,37.2
04.5.01,4.3,45.1
07.2.02,5,52.4
1,19,265
1.1,2.9,40.8
1.2,2.8,39.2
1.3,6.2,86.3
1.4,1.9,26.7
1.5,5.2,72
2,7,98
2.1,4.9,67.9
2.2,2.2,30.1
3,3.6,49.9
3.1,3,41.4
3.2,0.6,8.5
4,16.8,234.1
4.1,7.6,105.4
4.3,1.3,18.2
4.4,4.1,56.5
4.5,3.9,54.1
5,4.2,59.1
5.1,1.1,15.4
5.2,0.5,7
5.3,0.9,12.3
5.4,0.4,5.1
5.5,0.5,7.2
5.6,0.9,12.1
6,3.4,47.8
6.1,1.3,18
6.2,2.1,29.2
6.3,0,0.7
7,13.2,183.6
7.1,3.1,42.8
7.2,7,98
7.3,3.1,42.8
8,3.3,46.4
8.1,0.1,1.4
8.2,0.6,8.4
8.3,2.6,36.6
9,9.8,136.9
9.1,1.2,16.1
9.2,0.4,5.1
9.3,2.6,36.6
9.4,2.8,38.5
9.5,1.2,17.2
9.6,1.7,23.4
10,1.3,18.1
10.1,0.4,5.6
10.2,0.3,4
10.3,0.6,8.3
10.4,0,0.2
11,10.5,145.8
11.1,2.5,35
11.3,0.7,9.2
11.4,6.1,84.7
11.5,0.3,3.6
11.6,1,13.3
13,7.9,109.9
13.1,7.9,109.9
04.1.01,7.6,105.4
04.4.03,3.4,47.9
04.5.01,3.4,46.9
07.2.02,4.2,59.2
1,16.5,367.2
1.1,2.5,54.5
1.2,2.2,49.9
1.3,5.1,114.3
1.4,1.5,32.9
1.5,5.2,115.6
2,5.7,126.3
2.1,4.5,100.8
2.2,1.1,25.5
3,5,110.9
3.1,4,89.7
3.2,1,21.3
4,13.9,309.4
4.1,4.2,94
4.3,3,67.4
4.4,3.5,77.1
4.5,3.2,70.9
5,5.1,114.3
5.1,1.4,30.3
5.2,0.5,11.1
5.3,0.8,18.4
5.4,0.5,11.9
5.5,0.7,15.2
5.6,1.2,27.4
6,4,89.2
6.1,1.4,31.7
6.2,2.2,48.8
6.3,0.4,8.8
7,15,332.9
7.1,5.5,121.3
7.2,5.5,121.9
7.3,4,89.7
8,2.7,59.3
8.1,0.1,2.9
8.2,0.6,14.1
8.3,1.9,42.4
9,10.3,228.8
9.1,0.9,19.9
9.2,0.2,5.3
9.3,2.2,48.5
9.4,3.1,69.9
9.5,1,21.5
9.6,2.9,63.8
10,2.1,46
10.1,0.5,10.3
10.2,0.6,14.3
10.3,0.9,20.4
10.4,0,1
11,10.1,225.1
11.1,2.5,55.4
11.3,0.5,11
11.4,6,133.1
11.5,0.3,5.9
11.6,0.9,19.7
13,9.5,210.4
13.1,9.5,210.4
04.1.01,4.2,94
04.4.03,3,67.2
04.5.01,2.7,60.3
07.2.02,3.2,69.9
1,19.2,187.5
1.1,2.7,26.9
1.2,3.2,31.6
1.3,7.2,70.5
1.4,2.2,21.1
1.5,3.8,37.4
2,7.8,76.1
2.1,3,29.4
2.2,4.8,46.7
3,2.6,25.5
3.1,2.3,22
3.2,0.4,3.5
4,27.5,269
4.1,16.8,164
4.3,0.9,8.7
4.4,3.4,33
4.5,6.5,63.3
5,3.7,36.3
5.1,0.9,8.7
5.2,0.3,2.9
5.3,1,9.4
5.4,0.2,2.4
5.5,0.5,5.1
5.6,0.8,7.8
6,2.2,21.8
6.1,0.7,7.1
6.2,1.5,14.6
6.3,0,0.1
7,11.5,112.8
7.1,2.7,26.9
7.2,7,68
7.3,1.8,17.9
8,3.9,38.3
8.1,0.1,0.6
8.2,0.4,4.2
8.3,3.4,33.6
9,6.9,67.6
9.1,0.9,9.2
9.2,0.1,1.4
9.3,1.9,18.7
9.4,2.4,23.2
9.5,0.7,6.7
9.6,0.8,8.2
10,0.9,9.1
10.1,0.3,2.9
10.2,0.2,2.4
10.3,0.4,3.5
10.4,0,0.4
11,7.8,76.5
11.1,2.1,20.3
11.3,0.4,3.9
11.4,4.5,43.7
11.5,0.3,2.8
11.6,0.6,5.8
13,5.9,57.6
13.1,5.9,57.6
04.1.01,16.8,164
04.4.03,2.9,27.9
04.5.01,6,58.8
07.2.02,4.3,41.8
1,20.5,119.8
1.1,4,23.5
1.2,3.3,19.2
1.3,8.4,49.1
1.4,1.6,9.5
1.5,3.2,18.5
2,5.1,29.8
2.1,3.8,22
2.2,1.3,7.8
3,3,17.5
3.1,2.5,14.5
3.2,0.5,3
4,22.9,133.8
4.1,5.1,29.9
4.3,2.1,12.6
4.4,8.2,48.1
4.5,7.4,43.3
5,5,29.4
5.1,1,5.9
5.2,0.6,3.2
5.3,1.2,7.2
5.4,0.3,1.8
5.5,0.7,4.3
5.6,1.2,7.1
6,4.9,28.9
6.1,1.7,10.1
6.2,3,17.7
6.3,0.2,1.1
7,12,70.1
7.1,3,17.5
7.2,6.3,36.9
7.3,2.7,15.6
8,4.6,27.1
8.1,0.2,1
8.2,0.4,2.1
8.3,4.1,24
9,9.5,55.3
9.1,0.8,4.9
9.2,0.3,1.7
9.3,2,11.6
9.4,2.9,16.8
9.5,2,11.5
9.6,1.5,8.8
10,0.2,0.9
10.1,0,0
10.2,0.1,0.3
10.3,0.1,0.5
10.4,0,0.1
11,11.1,64.9
11.1,2.4,13.8
11.3,0.4,2.1
11.4,7.6,44.2
11.5,0.2,1
11.6,0.6,3.8
13,1.2,7.2
13.1,1.2,7.2
04.1.01,5.1,29.9
04.4.03,7.6,44.7
04.5.01,6.7,39
07.2.02,3.7,21.9
